Location_Description,Sample_Date_and_Time,what3words_location,Approx_River_Depth_at_Sample_Point_cm,Sampling_Depth_cm_estimated,Weather_Conditions,River_Flow,River_state,E_coli_count_Colonies_per_1ml,Phosphate_PO4_mgpL,Phosphate_P_mgpL,Nitrate_ppm,Ammonia_ppm,datasheet_date
"The Green, Grundisburgh",2.00 pm,NA,NA,NA,Sunny periods; dry,NA,NA,3,0.5,0.16305,5,NA,2024-02-05
"River Lark; Burgh St B1079, Grundisburgh",1.15 pm,NA,NA,NA,Sunny periods,NA,NA,1,0.44,0.143484,3,NA,2024-02-05
River Lark; Boot Street upstream 12m,1.20 pm,NA,NA,NA,Sunny periods; dry,NA,NA,8,0.88,0.286968,2,NA,2024-02-05
River Lark; Boot St outfall,1.25 pm,NA,NA,NA,Sunny periods,NA,NA,More than 350,20.9,6.81549,0,NA,2024-02-05
River Lark; Boot St 12m downstream,1.22 pm,NA,NA,NA,Sunny periods; dry,NA,NA,11,0.9,0.29349000000000003,2,NA,2024-02-05
River Lark; Boot Street Bridge,1.15 pm,privately.musically.fewest,NA,NA,Sunny periods; dry,NA,NA,9,0.87,0.283707,3,NA,2024-02-05
Martlesham Sluice: River Fynn,4.15 pm,NA,NA,NA,Cloudy but dry,Almost stagnant,Sluice closed,9,0,0,5,NA,2024-02-05
Martlesham Creek STW outfall,4.00 pm,NA,NA,NA,Cloudy and windy,Strong from outfall,Low tide,More than 350,23.3,7.59813,20,NA,2024-02-05
Woodbridge Tide Mill,NA,NA,NA,NA,NA,NA,NA,NA,NA,NA,NA,NA,2024-02-05
Wilford Bridge,5.00 pm,vital.briskly.different,NA,NA,Cloudy and windy,Slow,Tide coming in,7,0.3,0.09783,3,NA,2024-02-05
Ufford Upper Pool,12.25 pm,blending.anguished.asterisk,NA,NA,Sunny periods; dry,Slow,Clear,3,0.55,0.179355,3,NA,2024-02-05
Ufford Lower Pool,12.30 pm,slid.bookshop.widgets,NA,NA,Sunny periods,Fast,Clear,3,0.38,0.123918,7,NA,2024-02-05
Rendlesham Weir,NA,diggers.grumbles.birthing,NA,NA,NA,NA,NA,5,0.88,0.286968,5,NA,2024-02-05
Rendlesham STW outfall,NA,spill.facelift. feasting,NA,NA,NA,NA,NA,67,13.1,4.27191,10,NA,2024-02-05
Rendlesham Ford,NA,systems.hockey.traffic,NA,NA,NA,NA,NA,5,0.51,0.166311,5,NA,2024-02-05
Wickham Market White Bridges,11.00 am,haggle.questions.reminder,NA,NA,Sunny periods,Fast,Clear,9,0.28,0.091308,2,NA,2024-02-05
Wickham Market A12 bridge (downstream),11.15 am,decking.regard.reputable,NA,NA,Sunny periods,Steady,Cloudy,12,0.63,0.205443,2,NA,2024-02-05
Wickham Market STW outfall,10.45 am,looms.loudly.behave,NA,NA,Sunny periods,Fast from outfall,Clear,180,20.4,6.6524399999999995,20,NA,2024-02-05
Wickham Market Spring Lane (upstream),10.30 am,daylight.configure.cotton,NA,NA,Sunny periods,Slow,Cloudy,10,0.22,0.071742,3,NA,2024-02-05
Glavering Bridge,10.15 am,NA,NA,NA,Sunny periods,Steady,Cloudy,8,0.36,0.117396,3,NA,2024-02-05
Easton Field (downstream),"10,05 am",swift.nips.banana,NA,NA,Sunny periods,Slow,Cloudy,2,0.79,0.257619,2,NA,2024-02-05
Easton STW outfall,10.00am,ruins.outward.crackled,NA,NA,Sunny periods,Fast,Clear,91,9.9,3.22839,10,NA,2024-02-05
Easton Bridge (upstream,9.45 am,flick.hunt.toast,NA,NA,Sunny periods,Fast,Clear,7,0.37,0.120657,2,NA,2024-02-05
Debenham SP13 Downstream of STW outfall,9.30,NA,NA,NA,sunny,steady,clear,92,2.5,0.81525,top 0  next 5,0.06,2024-02-05
Debenham At point of STW outlet pipe,10.00,NA,NA,NA,sunny,steady,clear,109,2.23,0.727203,top 0  next 5,0.05,2024-02-05
Debenham SP12  Just above STW outfall,9.30,NA,NA,NA,sunny,slow,clear,116,0.39,0.127179,top 0  next 5,0,2024-02-05
Debenham SP 11 Upstream from STW,9.30,NA,NA,NA,sunny,slow,clear,134,0.4,0.13044,top 0  next 5,0.04,2024-02-05
Debenham SP8 Kenton Road Bridge/ Thorpe Lane,9.40,swimsuits wheels ripples,NA,NA,sunny,steady,clear,159,0.29,0.094569,top 0  next 5,0.06,2024-02-05
Debenham SP 7 Ipswich Road/ Thorpe Lane,9.30,modem slap input,NA,NA,sunny,slow,clear,16,0.75,0.244575,top 0  next 5,0.05,2024-02-05
Debenham SP6 Kenton Road Bridge,9.45,fuzzy foreheads custom,NA,NA,sunny,slow-steady,clear,83,0.3,0.09783,top 0  next 5,0,2024-02-05
Debenham SP5 Priory Road Bridge,9.30,compress ever shelters,NA,NA,sunny,slow,clear,40,0.27,0.088047,top 0  next 5,0.06,2024-02-05
Debenham SP4 Water Lane Ford,9.30,salary boomer viewer,NA,NA,sunny,slow-steady,clear,38,0.29,0.094569,top 0  next 5,0.04,2024-02-05
Debenham SP3 Footbridge Chancery Lane Aspall Road,9.40,emulating fondest league,NA,NA,sunny,slow,clear,35,0.26,0.084786,top 0  next 5,0.03,2024-02-05
Debenham SP2 Corner Bridge Chancery / Brook Lane,9.30,radar snored drummers,NA,NA,sunny,slow-steady,clear,4,0.1,0.03261,top 0  next 5,0,2024-02-05
Debenham 1 Brook Lane Corner Bridge,9.30,riots headset enable,NA,NA,sunny,slow,clear,65,0.38,0.123918,top 0  next 5,0.02,2024-02-05
"The Green, Grundisburgh",2.32 pm,salon.charge.winner,15cm,NA,Sunny periods,NA,NA,1,0.27,0.08802,10,NA,2024-03-04
"River Lark; Burgh St B1079, Grundisburgh",2.43 pm,verge.drop.fake,NA,NA,Sunny periods; dry,Fast,Cloudy,3,0.31,0.10106,10,NA,2024-03-04
River Lark; Boot Street upstream 12m,4.14 pm,curly.annoys.mooring,NA,NA,Sunny; part cloud; fine,Fast,Cloudy,5,0.46,0.14996,NA,NA,2024-03-04
River Lark; Boot St outfall,4.17 pm,entire.imposes.publisher,NA,NA,Sunny periods,Fast,Cloudy,150 +,6.6,2.1516,50,NA,2024-03-04
River Lark; Boot St 12m downstream,4.17 pm,rebounded.minivans.consented,NA,NA,Sunny periods,Fast,Cloudy,8,0.47,0.15322,25,NA,2024-03-04
River Lark; Boot Street Bridge,4.18 pm,privately.musically.fewest,NA,NA,Sunny periods,Fast,Cloudy,7,0.44,0.14344,10,NA,2024-03-04
Playford Bridge,2.56 pm,NA,NA,NA,Sunny periods,NA,NA,16,0.24,0.07824,50,NA,2024-03-04
Little Bealings Bridge,3.07 pm,NA,NA,NA,Sunny periods,NA,NA,6,0.3,0.0978,10,NA,2024-03-04
Red Lion Bridge Martlesham,4.30 pm,NA,100cm,30cm,Sunny periods,Slow,Cloudy,12,0.33,0.10758,NA,NA,2024-03-04
Martlesham Sluice: River Fynn,4.45 pm,glitz.howler.restores,NA,NA,Sunny periods; dry,Sluice closed,Cloudy,3,0.25,0.0815,NA,NA,2024-03-04
Kirton Sluice,3rd March; 15.45,NA,100 cm +,30cm,Cloudy ; dry,Very slow/ static,High tide; sluice closed,0,2.9,0.9454,NA,NA,2024-03-04
Waldringfield Beach,3rd March; 16.30,NA,75cm,30cm,Cloudy; dry,Slow,High tide,1,0.21,0.06846,NA,NA,2024-03-04
Kyson Point,5.10 pm,NA,NA,NA,NA,Slow,High tide,12,0.61,0.19886,NA,NA,2024-03-04
Martlesham Creek STW outfall,4.50 pm,query.operated.unsecured,NA,NA,NA,NA,Cloudy,54,2.2,0.7172,NA,NA,2024-03-04
Woodbridge Tide Mill,4.15 pm,NA,100cm+,30cm,Cloud with some sun,Static,Cloudy,6,0.23,0.07498,NA,NA,2024-03-04
Woodbridge Lime Kiln Quay,4.00 pm,NA,25cm,15cm,Cloud with some sun,Static,Cloudy,21,0.24,0.07824,NA,NA,2024-03-04
Melton Sluice South Farm,3.45 pm,NA,75cm,30cm,Cloud with some sun,High tide; sluice closed,Cloudy,7,0.23,0.07498,NA,NA,2024-03-04
Melton Sluice South  No 2,3.40 pm,NA,75cm,30cm,Cloud with some sun,High tide; sluice closed,Cloudy,7,0.2,0.0652,NA,NA,2024-03-04
Wilford Bridge,3.10 pm,vital.briskly.different,NA,NA,Cloudy,Slow against tide,Cloudy,5,0.18,0.05868,NA,NA,2024-03-04
Ufford Upper Pool,10.00 am,blending.anguished.asterisk,75cm,30cm,Sunny periods; dry,Fast,Cloudy,8,0.1,0.0326,NA,NA,2024-03-04
Ufford Lower Pool,10.00 am,slid.bookshop.widgets,75cm,35cm,Sunny periods,Fast,Cloudy,8,0.4,0.1304,NA,NA,2024-03-04
Byng Brook Bridge,10.15 am,NA,50cm,35cm,Sunny periods; dry,Slow,Cloudy,5,0.24,0.07824,NA,NA,2024-03-04
Rendlesham Weir,9.15 am,diggers.grumbles.birthing,108cm,35 cm,Sunny,2 mph - slow,Cloudy,7,0.23,0.07498,NA,NA,2024-03-04
Rendlesham STW outfall,9.45 am,spill.facelift. feasting,85cm,35cm,Sunny periods,Very slow/ static,Cloudy,4,1.9,0.6194,NA,NA,2024-03-04
Rendlesham Ford,9.58 am,systems.hockey.traffic,NA,NA,NA,Very slow/ static,NA,8,0.13,0.04238,NA,NA,2024-03-04
Wickham Market White Bridges,11.55 am,making.whirlwind.thinker,NA,NA,Partial cloud; fine,Fast,Cloudy,11,0.26,0.08476,NA,NA,2024-03-04
Wickham Market A12 bridge (downstream),11.30 am,decking.regard.reputable,NA,NA,Partial cloud; fine,Slow,Cloudy; high level of river,15,0.61,0.19886,NA,NA,2024-03-04
Wickham Market STW outfall,11.18 am,looms.loudly.behave,NA,NA,Partial cloud; fine,Moderate,Cloudy,Ca 200,7.5,2.445,NA,NA,2024-03-04
Wickham Market Spring Lane (upstream),11.00 am,daylight.configure.cotton,NA,NA,Partial cloud; fine,Moderate,Cloudy,10,0.29,0.09454,NA,NA,2024-03-04
Glavering Bridge,10..45 am,tweed.combos.pickles,NA,NA,Partial cloud; fine,Fast,Cloudy,4,0.22,0.07172,NA,NA,2024-03-04
Potsford Brook Charfield downstream of STW,12.30 pm,NA,15cm,15cm,Sunny periods,Fast,Clear over pebbles,16,0.29,0.09454,NA,NA,2024-03-04
Potsford Brook Charfield Upstream of STW,12.15 pm,NA,50cm,30cm,Sunny periods,Slow,Cloudy,4,0.17,0.05542,NA,NA,2024-03-04
Charfiled farm culvert outfall into Brook,12.20 pm,NA,50cm,30cm,Sunny periods,Fast over pebbles,Cloudy,10,0.68,0.22168,NA,NA,2024-03-04
Easton Field (downstream),10.33 am,swift.nips.banana,75cm cm,30 cm,Sunny; part cloud; fine,NA,Cloudy,10,0.36,0.11736,NA,NA,2024-03-04
Easton STW outfall,10.30 am,ruins.outward.crackled,NA,Outfall,Sunny periods,NA,Cloudy,ca 300,5.6,1.8256,NA,NA,2024-03-04
Easton Bridge (upstream),10.10 am,flick.hunt.toast,100cm,30 cm,Sunny periods,Fast,Cloudy,5,0.16,0.05216,NA,NA,2024-03-04
debenham 14,Monday 3rd 8.20am,prosper mandolin confetti,60cm,30cm,dry sunny,steady/fast,clear,370+,2.6,0.8476,NA,0.04,2024-03-04
Debenham 13 Downstream from CSO,Monday 3rd 8.35am,pretty. needed. chill,40cm,30cm,dry sunny,steady/fast,clear,38,0.41,0.13366,NA,0.26,2024-03-04
12 Debenham,NOT DONE,NA,NA,NA,NA,NA,NA,NA,NA,NA,NA,NA,2024-03-04
Debenham11 Upstream from STW,Monday 3rd 8.00am,attaching. runners.presses,75cm,30cm,dry sunny,steady/slow,clear,5,0.31,0.10106,NA,0.26,2024-03-04
Debenham 8 Kenton Road Bridge/ Thorpe Lane,9.55am,swimsuits wheels ripples,25cm,25cm,dry sunny,steady,clear,11,0.13,0.04238,NA,0,2024-03-04
Debenham 7 Ipswich Road/ Thorpe Lane,9.50am,modem slap input,35-40cm,30cm,dry sunny,slow/steady,clear,8,0.62,0.20212,5,0.74,2024-03-04
Debenham 6 Kenton Road Bridge,9.30,fuzzy foreheads custom,35cm,30cm,dry sunny,steady,clear,3,0.15,0.0489,5,0.04,2024-03-04
Debenham 5 Priory Road Bridge,9.15,compress ever shelters,30,30,dry sunny,steady,clear,14,0.11,0.03586,5,0,2024-03-04
Debenham 4 Water Lane Ford,9.05,salary boomer viewer,30,30,dry sunny,steady,clear,7,0.11,0.03586,5,0,2024-03-04
Debenham 3 Footbridge Chancery Lane Aspall Road,9.25,emulating fondest league,35cm,30,dry sunny,gentle,clear,2,0.15,0.0489,NA,0.08,2024-03-04
Debenham 2 Corner Bridge Chancery / Brook Lane,9.20,radar snored drummers,20cm,15cm,dry sunny,gentle,clear,1,0.09,0.02934,NA,0.05,2024-03-04
Debenham 1 Brook Lane Corner Bridge,9.15,riots headset enable,35,30,dry sunny,gentle,clear,18,0.27,0.08802,10,0.08,2024-03-04
"The Green, Grundisburgh",3.10 pm,salon.charge.winner,15cm,NA,Sunny periods,Slow flow,Clear,3,NA,NA,10,NA,2024-04-02
"River Lark; Burgh St B1079, Grundisburgh",3.35 pm,verge.drop.fake,NA,NA,Sunny periods,Very slow flow,Clear,2,NA,NA,5,NA,2024-04-02
River Lark; Boot Street upstream 12m,6.45 pm,curly.annoys.mooring,NA,NA,Cloudy,Slow stream,Fairly clear,29,1.25,0.407625,10,NA,2024-04-02
River Lark; Boot St outfall,6.47 pm,entire.imposes.publisher,From outfall,NA,Cloudy,Outfall above river level,Murky,ca 400,12.6,4.10886,100,1.94,2024-04-02
River Lark; Boot St 12m downstream,6.43 pm,rebounded.minivans.consented,NA,NA,Cloudy,Slow flow,Fairly clear,34,1.1,0.35871,50,NA,2024-04-02
River Lark; Boot Street Bridge,6.40 pm,privately.musically.fewest,NA,NA,Cloudy,Slow flow,Clear,31,NA,NA,10,NA,2024-04-02
Playford Bridge,3.56 pm,blog.maker.rots,NA,NA,Cloudy,Very slow,Fairly clear,18,NA,NA,10,NA,2024-04-02
Little Bealings Bridge,4.08 pm,taxpayers.caked.reverted,NA,NA,Cloudy,Very slow,Fairly clear,94,0.3,0.09783,70,NA,2024-04-02
Red Lion Bridge Martlesham,Monday 1st April 4.30 pm,rungs.repelled.engaging,100cm,30cm,Sunny periods,Slow flowing,Mildly cloudy,4,NA,NA,NA,NA,2024-04-02
Martlesham Sluice: River Fynn,Monday 1st April 4.40 pm,glitz.howler.restores,100 cm +,30cm,Sunny periods,No flow,Scum on water,3,NA,NA,NA,NA,2024-04-02
Kirton Sluice Seaward,6.05 pm,wobbles.birdcage.soon,100cm +,30cm,Cloudy,High tide,Cloudy,0,NA,NA,NA,NA,2024-04-02
Kirton Sluice Landward,6.10 pm,wobbles.birdcage.soon,100 cm +,30cm,Cloudy,Static/ sluice closed,Brackish and clear,0,NA,NA,NA,0.06,2024-04-02
Waldringfield Beach,5.40 pm,denim.excusing.storm,75cm,30cm,Sunny periods,High tide,Clear,0,NA,NA,NA,NA,2024-04-02
Kyson Point,Monday 1st April 5.05 pm,kicks.strictest.aly,NA,NA,Sunny periods,High tide,Clear,0,NA,NA,NA,NA,2024-04-02
Martlesham Creek STW outfall,Monday 1st April 4.48 pm,query.operated.unsecured,Direct from outfall,NA,Sunny periods,Almost high tide,Clear,ca350,8.2,2.67402,50,5.89,2024-04-02
Woodbridge Houseboats Charter Marine,5.10 pm,reservoir.tens.bicker,50cm+,30cm,Sunny periods,High tide,"Cloudy, scum on surface",0,NA,NA,NA,NA,2024-04-02
Woodbridge Tide Mill,5.10 pm,unsecured.paving.refutes,100cm+,30cm,Sunny periods,Tide coming in,Clear,0,NA,NA,NA,NA,2024-04-02
Woodbridge Lime Kiln Quay,5.00 pm,sandpaper.producing.slimming,50com,25cm,Sunny periods,Tide coming in,Cloudy and smelly,NA,NA,NA,NA,NA,2024-04-02
Melton Sluice South Farm,10.40 am,dockers.effort.daring,50cm,25cm,Sunny periods,Tide out fast from outfall,Clear,0,NA,NA,NA,NA,2024-04-02
Melton Sluice South  No 2,Not done,NA,75cm,30cm,NA,NA,NA,NA,NA,NA,NA,NA,2024-04-02
Wilford Bridge,6.50 pm,vital.briskly.different,100cm+,30cm,Cloudy,Slow/ tide going out,Clear,5,NA,NA,NA,NA,2024-04-02
Ufford Upper Pool,10.50 am,blending.anguished.asterisk,75cm,30cm,NA,NA,NA,1,NA,NA,NA,NA,2024-04-02
Ufford Lower Pool,10.55 am,slid.bookshop.widgets,75cm,35cm,NA,NA,NA,0,NA,NA,NA,NA,2024-04-02
Byng Brook Bridge,NOT DONE,NA,50cm,35cm,NA,NA,NA,0,NA,NA,NA,NA,2024-04-02
Rendlesham Weir,9.30 am,diggers.grumbles.birthing,108cm,35 cm,Sunny periods,Medium flow,Clear,0,NA,NA,NA,NA,2024-04-02
Rendlesham STW outfall,9.17 am,spill.facelift. feasting,Direct from outfall,NA,Sunny periods,Fast flowing,Clear,18,21.2,6.91332,NA,NA,2024-04-02
Rendlesham Ford,9.22 am,systems.hockey.traffic,50cm,30cm,Sunny periods,Medium flow,Clear,4,NA,NA,NA,NA,2024-04-02
Wickham Market White Bridges,11.34 am,making.whirlwind.thinker,100cm,30mm,Partly cloudy,Normal,Clear,6,NA,NA,NA,NA,2024-04-02
Wickham Market A12 bridge (downstream),12.05 am,decking.regard.reputable,100cm,30cm,Partly cloudy,Norma,Clear,37,0.6,0.19566,NA,NA,2024-04-02
Wickham Market STW outfall,11.55 am,looms.loudly.behave,Direct from outfall,NA,Partly cloudy,Normal,Clear,ca350,23.4,7.63074,NA,2.06,2024-04-02
Wickham Market Spring Lane (upstream),12.15 am,daylight.configure.cotton,100cm +,30cm,Partly cloudy,Normal,Clear,11,NA,NA,NA,NA,2024-04-02
Glavering Bridge S2,10.50 am,tweed.combos.pickles,100cm+,30cm,Sunny periods,Fast flowing,Clear,24,0.07,0.022827,NA,NA,2024-04-02
Potsford Brook circa one mile downstream,Thursday 4th April pm,plan.video.ships,50cm,30cm,Sunny,Steady,NA,67,NA,NA,NA,NA,2024-04-02
Potsford Brook Charfield downstream of STW,10.15 am,headless.starring.necks,15cm,15cm,Sunny periods,Slow flow,Cloudy,ca 500,15.6,5.08716,NA,NA,2024-04-02
Potsford Brook Charfield STW outfall,10.20 am,listings.cutlets.twinkling,Direct from outfall,Direct from outfall,Sunny periods,Steady flow from outfall,Cloudy and smelly,ca 700,15.8,5.15238,50,3.19,2024-04-02
Potsford Brook Charfield Bridge,9.55 am,boss.situation.roots,Less than 30cm,15cm,Sunny periods,Very slow,Clear,0,NA,NA,NA,NA,2024-04-02
Charfiled farm culvert outfall into Brook,Not done; no flow,singers.tightrope.farmed,50cm,30cm,NA,NA,NA,NA,NA,NA,NA,NA,2024-04-02
Easton Field (downstream),9.25 am,swift.nips.banana,75cm,30 cm,Cloudy/ light rain,Slow/ steady,Cloudy,26,NA,NA,NA,NA,2024-04-02
Easton STW outfall,9.30 am,trooper.poodle.cleanser,Direct from outfall,Outfall,Cloudy/ light rain,Steady outface,Clear but smelly,ca 800,13.8,4.50018,10,40.3,2024-04-02
Easton Bridge (upstream),9.15 am,flick.hunt.toast,100cm,30 cm,Cloudy/ light rain,Fast flowing,Clear,8,NA,NA,NA,NA,2024-04-02
debenham 14,Tuesday 2nd April 9.35,prosper mandolin confetti,from outlet pipe,from outlet flow,drizzling,slow,clear,61,5,1.6305,250,0.25,2024-04-02
Debenham 13 Downstream from CSO,9.45,pretty. needed. chill,12cm,12m,drizzling,very very slow,clear,19,2.42,0.789162,25,0.02,2024-04-02
12 Debenham,NOT DONE,NA,NA,NA,drizzling/ clear spells,NA,NA,NA,NA,NA,NA,NA,2024-04-02
Debenham11 Upstream from STW,9.30,attaching. runners.presses,30cm,30cm,drizzling/ clear spells,very slow,clear,15,0.23,0.075003,10,0.17,2024-04-02
Debenham 8 Kenton Road Bridge/ Thorpe Lane,10am,swimsuits wheels ripples,5cm,5cm,drizzling/ clear spells,very slow,clear,1,0.08,0.026088,25,0.05,2024-04-02
Debenham 7 Ipswich Road/ Thorpe Lane,10.05,modem slap input,8cm,8cm,drizzling/ clear spells,very slow,clear,26,0.44,0.143484,10,0.41,2024-04-02
Debenham 6 Kenton Road Bridge,10.10,fuzzy foreheads custom,30cm,30cm,drizzling/ clear spells,"slow, increasing in narrow channel",clear,13,0.21,0.068481,10,0.09,2024-04-02
Debenham 5 Priory Road Bridge,10.20,compress ever shelters,20cm,20cm,drizzling/ clear spells,"slow, narrow as silted up",clear,14,0.08,0.026088,10,0.1,2024-04-02
Debenham 4 Water Lane Ford,10.25,salary boomer viewer,5cm,5cm,raining,very slow,clear,63,0.11,0.035871,10,0.1,2024-04-02
Debenham 3 Footbridge Chancery Lane Aspall Road,10.35,emulating fondest league,30cm,30cm,raining,very slow,clear,37,0.1,0.03261,10,0.05,2024-04-02
Debenham 2 Corner Bridge Chancery / Brook Lane,10.45,radar snored drummers,8cm,8cm,raining,very slow,cloudy,6,0.04,0.013044,10,0.04,2024-04-02
Debenham 1 Brook Lane Corner Bridge,10.40,riots headset enable,6cm,6cm,dry,very slow,little cloudy,76,0.19,0.061959,10,0.2,2024-04-02
"10, Valley Cottage Aspall",NOT DONE,digitally genius ally,NA,NA,NA,NA,NA,NA,NA,NA,NA,NA,2024-04-02
"The Green, Grundisburgh",5.51pm,salon.charge.winner,15cm,NA,Sunny periods,Slow flow,Clear,1,0.18,0.06,5,NA,2024-05-07
"River Lark; Burgh St B1079, Grundisburgh",6.05pm,verge.drop.fake,NA,NA,Sunny periods,Very slow,Slightly cloudy,7,0.14,0.05,10,NA,2024-05-07
River Lark; Boot Street upstream 12m,Not accessible,curly.annoys.mooring,NA,NA,Cloudy,NA,NA,NA,NA,NA,NA,NA,2024-05-07
River Lark; Boot St outfall,Not accessible,entire.imposes.publisher,From outfall,NA,Cloudy,NA,NA,NA,NA,NA,NA,NA,2024-05-07
River Lark; Boot St 12m downstream,7.10pm,rebounded.minivans.consented,NA,NA,Cloudy,Slow flow,Cloudy; cattle in field,25,0.88,0.29,25,NA,2024-05-07
River Lark; Boot Street Bridge,7.04pm,privately.musically.fewest,NA,NA,Cloudy,Slow flow,Cloudy,16,1.03,0.34,10,NA,2024-05-07
Playford Bridge,6.28pm,blog.maker.rots,NA,NA,Cloudy,Very very slow,Clear,27,0.14,0.06,10,NA,2024-05-07
Little Bealings Bridge,6.17pm,taxpayers.caked.reverted,NA,NA,Cloudy,Very slow,Slightly cloudy,9,0.47,0.15,10,NA,2024-05-07
Red Lion Bridge Martlesham,NA,rungs.repelled.engaging,100cm,30cm,Sunny periods,NA,NA,6,0.54,0.18,10,NA,2024-05-07
Martlesham Sluice: River Fynn,NA,glitz.howler.restores,100 cm +,30cm,Sunny periods,No flow; sluice closed,NA,8,0.63,0.21,25,NA,2024-05-07
Bawdsey Quay,09.25am,NA,75cm,30cm,Sunny,3hrs before high tide,Cloudy,0,0,0,0,NA,2024-05-07
Bawdsey Alderton Evacuation Sluice,09.20am,NA,100+cm,30cm,Sunny,3hrs before high tide,Cloudy,0,0,0,10,NA,2024-05-07
Ramsholt Quay,09.45am,NA,50cm,30cm,Sunny,3hrs before high tide,Clear,0,NA,NA,0,NA,2024-05-07
Kirton Sluice Seaward,10.45am,wobbles.birdcage.soon,100cm +,30cm,Sunny,2 hrs before High tide,Cloudy,0,NA,NA,0,NA,2024-05-07
Kirton Sluice Landward,10.50am,wobbles.birdcage.soon,100 cm +,30cm,Suny,Static/ sluice closed,Brackish and clear,1,2.6,0.85,10,NA,2024-05-07
Waldringfield Beach,10.25am,denim.excusing.storm,75cm,30cm,Sunny,2 hrs before High tide,Clear,0,0,0,0,NA,2024-05-07
Kyson Point,NA,kicks.strictest.aly,NA,NA,Sunny periods,NA,NA,3,0,0,0,NA,2024-05-07
Martlesham Creek STW outfall,NA,query.operated.unsecured,Direct from outfall,NA,Sunny periods,NA,NA,circa 500,9.35,3.05,50,5.01,2024-05-07
Woodbridge Houseboats Charter Marine,11.25am,reservoir.tens.bicker,50cm+,30cm,Sunny periods,1hr before high tide,"Cloudy, scum on surface",4,0.19,0.06,0,NA,2024-05-07
Woodbridge Tide Mill,11.40am,unsecured.paving.refutes,100cm+,30cm,Sunny periods,1hr before high tide,Clear,0,NA,NA,0,NA,2024-05-07
Woodbridge Lime Kiln Quay,11.50 am,sandpaper.producing.slimming,50com,25cm,Sunny periods,1hr before high tide,Cloudy,2,0,0,0,NA,2024-05-07
Melton Sluice South Farm,12.10pm,dockers.effort.daring,50cm,25cm,Sunny periods,1hr before high tide,Cloudy,2,0.02,0.01,0,NA,2024-05-07
Melton Sluice South  No 2,Not taken,NA,75cm,30cm,NA,NA,NA,NA,NA,NA,NA,NA,2024-05-07
Wilford Bridge,10.00am,vital.briskly.different,100cm+,30cm,Sunny,2.5 hrs before high tide,Clear,4,0.14,0.05,25,NA,2024-05-07
Ufford Upper Pool,NA,blending.anguished.asterisk,75cm,30cm,Sunny,Steady,Clear,4,0.25,0.08,10,NA,2024-05-07
Ufford Lower Pool,NA,slid.bookshop.widgets,75cm,35cm,Sunny,Steady,Clear,1,0.3,0.1,10,NA,2024-05-07
Byng Brook Bridge,NA,NA,50cm,35cm,Sunny,Slow,Clear,0,0.25,0.08,10,NA,2024-05-07
Rendlesham Weir,9.30 am,diggers.grumbles.birthing,108cm,35 cm,NA,NA,NA,2,1.64,0.53,25,NA,2024-05-07
Rendlesham STW outfall,NA,spill.facelift. feasting,Direct from outfall,NA,NA,NA,NA,33,19.5,6.36,10,0.19,2024-05-07
Rendlesham Ford,NA,systems.hockey.traffic,50cm,30cm,NA,NA,NA,3,0.42,0.14,25,NA,2024-05-07
Wickham Market White Bridges,NA,making.whirlwind.thinker,100cm,30mm,NA,NA,NA,5,0.09,0.03,25,NA,2024-05-07
Wickham Market A12 bridge (downstream),NA,decking.regard.reputable,100cm,30cm,NA,NA,NA,23,0.55,0.18,25,NA,2024-05-07
Wickham Market STW outfall,NA,looms.loudly.behave,Direct from outfall,30cm,NA,NA,NA,circa 400,21.6,7.04,100,1.55,2024-05-07
Wickham Market Spring Lane (upstream),NA,daylight.configure.cotton,100cm +,30cm,NA,NA,NA,5,0.14,0.05,25,NA,2024-05-07
Glavering Bridge S2,NA,tweed.combos.pickles,100cm+,30cm,NA,NA,NA,3,0.23,0.07,NA,NA,2024-05-07
Potsford Brook circa one mile downstream,DID NOT SAMPLE,plan.video.ships,NA,NA,NA,NA,NA,NA,NA,NA,NA,NA,2024-05-07
Potsford Brook Prospect Farm,2.40pm,decay.shutters.venue,15cm,15cm,Sunny periods,Slow flow,Cloudy,88,3,1.01,50,NA,2024-05-07
Potsford Brook Charfield STW outfall,2.30pm,listings.cutlets.twinkling,Direct from outfall,Direct from outfall,Sunny periods,Steady flow from outfall,Cloudy and smelly,circa 500,14.6,4.76,100,NA,2024-05-07
Potsford Brook Charfield Bridge,2.20pm,boss.situation.roots,Less than 30cm,15cm,Sunny periods,Very slow,Clear,8,0.11,0.03,10,NA,2024-05-07
Charfield farm culvert outfall into Brook,DID NOT SAMPLE,singers.tightrope.farmed,50cm,30cm,NA,No flow,NA,NA,NA,NA,NA,NA,2024-05-07
Easton Field (downstream),NA,swift.nips.banana,75cm,30 cm,NA,NA,NA,7,0.23,NA,25,NA,2024-05-07
Easton STW outfall,NA,trooper.poodle.cleanser,Direct from outfall,Outfall,NA,NA,NA,circa 500,9.8,3.19,50,15.3,2024-05-07
Easton Bridge (upstream),NA,flick.hunt.toast,100cm,30 cm,NA,NA,NA,7,0.29,0.09,50,NA,2024-05-07
debenham 14,NA,prosper mandolin confetti,from outlet pipe,from outlet flow,NA,NA,NA,NA,2.16,0.7,25,NA,2024-05-07
Debenham 13 Downstream from CSO,NA,pretty. needed. chill,12cm,12m,NA,NA,NA,NA,0.1,0.03,25,NA,2024-05-07
Debenham11 Upstream from STW,NA,attaching. runners.presses,30cm,30cm,NA,NA,NA,NA,NA,NA,NA,NA,2024-05-07
Debenham 8 Kenton Road Bridge/ Thorpe Lane,NA,swimsuits wheels ripples,5cm,5cm,Sunny periods,Slow flow,"Clear, little vegetation",NA,0.22,0.07,NA,NA,2024-05-07
Debenham 7 Ipswich Road/ Thorpe Lane,NA,modem slap input,8cm,8cm,NA,NA,NA,NA,0.1,0.0326,100,NA,2024-05-07
Debenham 6 Kenton Road Bridge,NA,fuzzy foreheads custom,30cm,30cm,NA,NA,NA,NA,0.1,0.03,10,NA,2024-05-07
Debenham 5 Priory Road Bridge,NA,compress ever shelters,20cm,20cm,NA,NA,NA,NA,0.04,0.01,25,NA,2024-05-07
Debenham 4 Water Lane Ford,NA,salary boomer viewer,5cm,5cm,NA,NA,NA,NA,0.1,0.03,25,NA,2024-05-07
Debenham 3 Footbridge Chancery Lane Aspall Road,NA,emulating fondest league,30cm,30cm,NA,NA,NA,NA,0.11,0.03,25,NA,2024-05-07
Debenham 2 Corner Bridge Chancery / Brook Lane,NA,radar snored drummers,8cm,8cm,NA,NA,NA,NA,0,0,25,NA,2024-05-07
Debenham 1 Brook Lane Corner Bridge,NA,riots headset enable,6cm,6cm,NA,NA,NA,NA,0.12,0.04,25,NA,2024-05-07
"10, Valley Cottage Aspall",NA,digitally genius ally,NA,NA,NA,NA,NA,NA,NA,NA,NA,NA,2024-05-07
"The Green, Grundisburgh",4.18pm,salon.charge.winner,15cm,10cm,Light wind; overcast,Slow,Clear,10,0.7,0.2282,5,NA,2024-06-03
"River Lark; Burgh St B1079, Grundisburgh",4.46pm,verge.drop.fake,50cm,30cm,NA,Very slow,Clear,21,0.25,0.0815,20,NA,2024-06-03
River Lark; Boot Street upstream 12m,DID NOT SAMPLE,curly.annoys.mooring,NA,NA,NA,NA,NA,NA,NA,NA,NA,NA,2024-06-03
River Lark; Boot St outfall,DID NOT SAMPLE,entire.imposes.publisher,From outfall,NA,NA,NA,NA,NA,NA,NA,NA,NA,2024-06-03
River Lark; Boot St 12m downstream,DID NOT SAMPLE,rebounded.minivans.consented,NA,NA,NA,NA,NA,NA,NA,NA,NA,NA,2024-06-03
River Lark; Boot Street Bridge,2.15pm,privately.musically.fewest,NA,30cm,Overcast,Medium flow,Cloudy water,15,1.17,0.38142,25,NA,2024-06-03
Playford Bridge,5.14pm,blog.maker.rots,NA,30cm,Cloudy and dry,Very slow flow,Slightly murky water,30,0.5,0.163,30,NA,2024-06-03
Little Bealings Bridge,5.02pm,taxpayers.caked.reverted,NA,30cm,Cloudy and dry,Slow flow,Clear,32,1.26,0.41076,10,NA,2024-06-03
Red Lion Bridge Martlesham,12.15pm,rungs.repelled.engaging,100cm,30cm,Cloudy; little sun,Gentle,NA,18,0.57,0.18582,50,NA,2024-06-03
Martlesham Sluice: River Fynn,12.30pm,glitz.howler.restores,100 cm +,30cm,Cloudy; little sun,Gentle,NA,27,0.51,0.16626,25,NA,2024-06-03
Bawdsey Quay,2.00pm on 4th June,NA,75cm,30cm,Sunny periods,Tide going out,Muddy,0,0,0,0,NA,2024-06-03
Bawdsey Alderton Evacuation Sluice,2.15pm on 4th June,NA,100+cm,30cm,Sunny periods,No flow; tide going out,Muddy with bubbles,0,NA,NA,0,NA,2024-06-03
Ramsholt Quay,1.45pm on 4th June,NA,50cm,30cm,Sunny periods,Tide going out,Muddy,0,0.04,0.01304,0,NA,2024-06-03
Kirton Sluice Seaward,DID NOT SAMPLE,wobbles.birdcage.soon,100cm +,30cm,NA,NA,NA,NA,NA,NA,NA,NA,2024-06-03
Kirton Sluice Landward,DID NOT SAMPLE,wobbles.birdcage.soon,100 cm +,30cm,NA,NA,NA,NA,NA,NA,NA,NA,2024-06-03
Waldringfield Beach,DID NOT SAMPLE,denim.excusing.storm,75cm,30cm,NA,NA,NA,NA,NA,NA,NA,NA,2024-06-03
Kyson Point,12.00pm,kicks.strictest.aly,NA,NA,Cloudy; little sun,1 hr after high tide,Tide going out,1,0.15,0.0489,10,NA,2024-06-03
Martlesham Creek STW outfall,12.38pm,query.operated.unsecured,Direct from outfall,NA,Cloudy; little sun,2hrs after high tide,Tide going out,1000+,17.5,5.705,75,8.69,2024-06-03
Woodbridge Houseboats Charter Marine,DID NOT SAMPLE,reservoir.tens.bicker,50cm+,30cm,NA,NA,NA,NA,NA,NA,NA,NA,2024-06-03
Woodbridge Tide Mill,10.20am,unsecured.paving.refutes,100cm+,30cm,Sunny periods,NA,High tide,2,0.18,0.05868,10,NA,2024-06-03
Woodbridge Lime Kiln Quay,10.32am,sandpaper.producing.slimming,50com,25cm,Sunny periods,NA,High tide,0,0.19,0.06194,10,NA,2024-06-03
Melton Sluice South Farm,10.45am,dockers.effort.daring,50cm,25cm,Sunny periods,NA,Tide coming in,4,0.3,0.0978,10,NA,2024-06-03
Melton Sluice South  No 2,DID NOT SAMPLE,NA,75cm,30cm,NA,NA,NA,NA,NA,NA,NA,NA,2024-06-03
Wilford Bridge,11.03am,vital.briskly.different,100cm+,30cm,Sunny periods,NA,Tide coming in,18,0.52,0.16952,25,NA,2024-06-03
Ufford Upper Pool,10.10am,blending.anguished.asterisk,75cm,30cm,Sunny periods,Steady,Clear,10,0.31,0.10106,5,NA,2024-06-03
Ufford Lower Pool,10.10am,slid.bookshop.widgets,75cm,35cm,Sunny,Steady,Clear,5,0.38,0.12388,5,NA,2024-06-03
Byng Brook Bridge,10.15am,NA,50cm,35cm,Sunny,Very slow,Clear,15,0.09,0.02934,25,NA,2024-06-03
Rendlesham Weir,9.50am,diggers.grumbles.birthing,108cm,47cm,Overcast,Medium/steady,Clear,5,0.51,0.16626,25,NA,2024-06-03
Rendlesham STW outfall,9.28am,spill.facelift. feasting,Direct from outfall,NA,Overcast,NA,Clear,30,17.2,5.6072,50,NA,2024-06-03
Rendlesham Ford,9.35am,systems.hockey.traffic,50cm,30cm,Overcast,NA,Clear,4,1.47,0.47922,25,NA,2024-06-03
Wickham Market White Bridges,10.40am,making.whirlwind.thinker,100cm,30cm,Overcast,Steady,Slightly cloudy,7,0.35,0.1141,25,NA,2024-06-03
Wickham Market A12 bridge (downstream),10.58am,decking.regard.reputable,100cm,30cm,Overcast,Steady,Slightly cloudy,24,0.42,0.13692,25,NA,2024-06-03
Wickham Market STW outfall,11.22am,looms.loudly.behave,Direct from outfall,30cm,Overcast,Steady,Cloudy,500+,8.9,2.9014,250,0.61,2024-06-03
Wickham Market Spring Lane (upstream),11.35am,daylight.configure.cotton,100cm +,30cm,Overcast,Slow,Cloudy,14,0.32,0.10432,10,NA,2024-06-03
Glavering Bridge S2,11.46am,tweed.combos.pickles,100cm+,30cm,Overcast,Steady,Cloudy,7,0.36,0.11736,25,NA,2024-06-03
Bridge at Potsford Farm,3.25pm,plan.video.ships,50cm,30cm,Sunny periods,Slow flow,Cloudy; sewage slime,5,0.24,0.07824,25,NA,2024-06-03
Opposite Prospect Farm,3.10pm,decay.shutters.venue,15cm,15cm,Sunny periods,Slow,Murky and brown,127,13.1,4.2706,500,NA,2024-06-03
Potsford Brook Charfield STW outfall,3.05pm,listings.cutlets.twinkling,Direct from outfall,Direct from outfall,Sunny periods,Slow from outfall,Cloudy,400,16.9,5.5094,500,0.76,2024-06-03
Potsford Brook Charfield Bridge,2.50pm,boss.situation.roots,Less than 30cm,15cm,Sunny periods,Vey slow,Clear,23,0.17,0.05542,0,NA,2024-06-03
Charfield farm culvert outfall into Brook,DID NOT SAMPLE,singers.tightrope.farmed,50cm,30cm,NA,NA,NA,NA,NA,NA,0,NA,2024-06-03
Easton Field (downstream),12.12pm,swift.nips.banana,75cm,30 cm,Sun breaking,Slow,Cloudy,6,0.36,0.11736,25,NA,2024-06-03
Easton STW outfall,12.05pm,trooper.poodle.cleanser,Direct from outfall,Outfall,Sun breaking,NA,NA,350,11.6,3.7816,50,13.7,2024-06-03
Easton Bridge (upstream),12.20pm,flick.hunt.toast,100cm,30 cm,Sun breaking,Steady,Partly cloudy,9,0.34,0.11084,25,NA,2024-06-03
Debenham 1.  Downstream from STW Vince’s chickens,7.50am,trusters.rigs.pipes,20cm,20cm,NA,Medium flow,Clear,108,0.7,0.2282,25,0.01,2024-06-03
Debenham 2                       STW Outlet Pipe,7.40am,worm.oozed.zone,From outflow,From outflow,NA,Slow flow,Bit cloudy,181,3.6,1.1736,25,0.35,2024-06-03
Debenham 3.       Upstream from STW (Vince’s chickens (SP??),7.35am,shunning.gace.signed,45cm,40cm,NA,Slow flow,Bitcloudy,71,0.31,0.10106,25,0.08,2024-06-03
Debenham 8           Kenton Road Bridge/ Thorpe Lane (SP*),8.05am,swimsuits wheels ripples,12cm,12cm,NA,Medium/fast flow,Clear,72,0.3,0.0978,25,NA,2024-06-03
Debenham 5           Ipswich Road/ Thorpe Lane (SP7),8.10am,modem.slap.input,20cm,20cm,NA,Medium/fast,Clear,18,0.2,0.0652,25,NA,2024-06-03
Debenham 6            Kenton Road Bridge (SP6),9.50am,fuzzy.foreheads.custom,30cm,10cm,NA,Medium/fast,Very clear,58,0.22,0.07172,50,0.1,2024-06-03
Debenham 7             Priory Road Bridge (SP5),9.20am,compress.ever.shelters,20cm,15cm,NA,Medium at pinch point,Clear,22,0.21,0.06846,50,0.58,2024-06-03
Debenham 8              Water Lane Ford (SP4),9.35am,salary boomer viewer,11cm,11cm,NA,Slow /medium,Clear,90,0.22,0.07172,50,0.08,2024-06-03
Debenham 9      Footbridge Chancery Lane Aspall Road (SP3),9.45am,emulating fondest league,20cm,10cm,NA,Vey slow,Slight cloudiness,69,0.25,0.0815,50,0.1,2024-06-03
Debenham 10.          Aspall Road/ Brook Lane Corner Bridge (SP2),9.30am,riots headset enable,10cm,7cm,NA,Medium flow,Clear,41,0.28,0.09128,50,0.08,2024-06-03
Debenham 11          Corner Bridge Chancery / Brook Lane (SP1),9.25am,radar snored drummers,11cm,1cm,NA,Medium flow,Clear,38,0.09,0.02934,50,NA,2024-06-03
"Debenham 12                     Private access bridge atGull Fram, Aspall Road",9.29am,NA,30cm,30cm,NA,Medium flow,Muddy,32,0.3,0.0978,100,0.07,2024-06-03
"Debenham 13            Aspall Road after Bellwell Lane, concrete bridge",9.41,NA,50cm,30cm,NA,Steady,Clear,7,0.3,0.0978,100,0.07,2024-06-03
Debenham 14     Aspall Village; access via track/footpath,NOT Samples- no Access,NA,NA,NA,NA,NA,NA,NA,NA,NA,NA,NA,2024-06-03
"Debenham 15               Downstream of New Road bridge, where tributaries meet",10.10am,NA,100cm,30cm,NA,Fast,Cloudy,47,NA,NA,25,0.57,2024-06-03
Debenham 16.           Valley Cottage New Road,9.48am,NA,30cm,25cm,NA,Steady flow,Clear,10,0.33,0.10758,25,0.09,2024-06-03
"The Green, Grundisburgh",4.25 pm,salon.charge.winner,15cm,10cm,Cloudy,Moderate,Clear,22,NA,NA,5,NA,2024-07-01
"River Lark; Burgh St B1079, Grundisburgh",4.30 pm,verge.drop.fake,50cm,30cm,Overcast,Very slow,Clear,29,NA,NA,5,NA,2024-07-01
River Lark; Boot Street upstream 12m,DID NOT SAMPLE,curly.annoys.mooring,NA,NA,NA,NA,NA,NA,NA,NA,NA,NA,2024-07-01
River Lark; Boot St outfall,DID NOT SAMPLE,entire.imposes.publisher,NA,NA,NA,NA,NA,NA,NA,NA,NA,NA,2024-07-01
River Lark; Boot St 12m downstream,DID NOT SAMPLE,rebounded.minivans.consented,NA,NA,NA,NA,NA,NA,NA,NA,NA,NA,2024-07-01
River Lark; Boot Street Bridge,NA,privately.musically.fewest,NA,30cm,Overcast,Medium flow,Cloudy water,17,2.5,0.815,10,NA,2024-07-01
Playford Bridge,5.03 pm,blog.maker.rots,NA,30cm,Overcast,Very slow flow,Cloudy,34,0.4,0.1304,25,NA,2024-07-01
Little Bealings Bridge,4.52 pm,taxpayers.caked.reverted,NA,30cm,Cloudy,Slow flow,Clear,30,2.4,0.7824,50,NA,2024-07-01
Red Lion Bridge Martlesham,8.40 am,rungs.repelled.engaging,100cm,30cm,NA,Gentle,NA,12,0.7,0.2282,25,NA,2024-07-01
Martlesham Sluice: River Fynn,8.55 am,glitz.howler.restores,100 cm +,30cm,Cloudy; little sun,Gentle,NA,8,NA,NA,NA,NA,2024-07-01
Bawdsey Quay,10.30 am on 30th June,NA,75cm,30cm,Drizzle,Tide going out (+3 hours),Slightly cloudy,0,NA,NA,0,NA,2024-07-01
Bawdsey Alderton Evacuation Sluice,10.45 am on 30th June,NA,100+cm,30cm,Drizzle,No flow; tide going out,Muddy with some scum,0,NA,NA,0,NA,2024-07-01
Ramsholt Quay,10.00 am on 30th June,NA,50cm,30cm,Cloudy,Tide going out (+2.5 hours),Cloudy,0,NA,NA,0,NA,2024-07-01
Kirton Sluice Seaward,DID NOT SAMPLE,wobbles.birdcage.soon,100cm +,30cm,NA,NA,NA,NA,NA,NA,NA,NA,2024-07-01
Kirton Sluice Landward,DID NOT SAMPLE,wobbles.birdcage.soon,100 cm +,30cm,NA,NA,NA,NA,NA,NA,NA,NA,2024-07-01
Waldringfield Beach,9.25 am on 30th June,denim.excusing.storm,75cm,30cm,Light rain,Tide going out (+2 hours),Clear,3,0,0,5,NA,2024-07-01
Kyson Point,9.10 am,kicks.strictest.aly,NA,NA,Cloudy; little sun,1.5 hr after high tide,Clear,2,0.18,0.05868,10,NA,2024-07-01
Martlesham Creek STW outfall,8.50 am,query.operated.unsecured,Direct from outfall,NA,Cloudy; little sun,1.5 hrs after high tide,Clear,circa 250,3.2,1.0432,50,NA,2024-07-01
Woodbridge Houseboats by shelter,9.40 am,NA,NA,30cm,Sunny periods,Static/ cloudy,Cloudy with green weed,2,NA,NA,10,NA,2024-07-01
Woodbridge Houseboats Charter Marine,9.45 am,reservoir.tens.bicker,50cm+,30cm,Sunny periods,Static,Cloudy with green weed,7,0.43,0.14018,10,NA,2024-07-01
Woodbridge Tide Mill,10.00 am,unsecured.paving.refutes,100cm+,30cm,Sunny periods,Static,Clear,1,NA,NA,0,NA,2024-07-01
Woodbridge Lime Kiln Quay,10.32am,sandpaper.producing.slimming,50com,25cm,Sunny periods,NA,High tide,0,NA,NA,0,NA,2024-07-01
Melton Sluice South Farm,DID NOT SAMPLE,dockers.effort.daring,50cm,25cm,NA,NA,NA,NA,NA,NA,NA,NA,2024-07-01
Melton Sluice South  No 2,DID NOT SAMPLE,NA,75cm,30cm,NA,NA,NA,NA,NA,NA,NA,NA,2024-07-01
Wilford Bridge,3.30 pm,vital.briskly.different,100cm+,30cm,Sunny periods,Tide out/ very slow flow,Some green weed,2,NA,NA,25,NA,2024-07-01
Ufford Upper Pool,3.50 pm,blending.anguished.asterisk,75cm,30cm,Cloudy,Slope,Clear,2,NA,NA,25,NA,2024-07-01
Ufford Lower Pool,3.55 pm,slid.bookshop.widgets,75cm,35cm,Cloudy,Slow,Clear,6,0.47,0.15322,25,NA,2024-07-01
Byng Brook Bridge,4.00 pm,NA,50cm,35cm,Cloudy,Very slow,Clear,2,NA,NA,NA,NA,2024-07-01
Rendlesham Weir,NA,diggers.grumbles.birthing,108cm,47cm,Overcast,Medium/steady,NA,5,0.57,0.18582,10,NA,2024-07-01
Rendlesham STW outfall,NA,spill.facelift. feasting,Direct from outfall,NA,Overcast,NA,NA,27,25,8.15,5,NA,2024-07-01
Rendlesham Ford,NA,systems.hockey.traffic,50cm,30cm,Overcast,NA,NA,0,0.13,0.04238,10,NA,2024-07-01
Wickham Market White Bridges,11.15 am,making.whirlwind.thinker,100cm,30cm,Sunny periods,Slow flow,Clear,1,NA,NA,10,NA,2024-07-01
Wickham Market A12 bridge (downstream),11.32 am,decking.regard.reputable,100cm,30cm,Sunny periods,Slow,Clear,41,0.42,0.13692,10,NA,2024-07-01
Wickham Market STW outfall,11.01 am,looms.loudly.behave,Direct from outfall,30cm,Sun and cloud,Direct from outfall,NA,circa 240,5.5,1.793,250,0.57,2024-07-01
Wickham Market Spring Lane (upstream),10.53 am,daylight.configure.cotton,100cm +,30cm,Sunny periods,Slow/ low flow,Clear,3,0.02,0.00652,0,NA,2024-07-01
Glavering Bridge S2,10.46 am,tweed.combos.pickles,100cm+,30cm,Sunny,Low/ very slow,Clear,3,NA,NA,10,NA,2024-07-01
Bridge at Potsford Farm,11.20 am,plan.video.ships,40cm,25cm,Sunny periods,Slow flow,Slow,2,NA,NA,NA,NA,2024-07-01
Opposite Prospect Farm,11.05 am,decay.shutters.venue,15cm,15cm,Sunny periods,Slow,Cloudy - scum on surface,38,21.7,7.0742,500,NA,2024-07-01
Potsford Brook Charfield STW outfall,11.00 am,listings.cutlets.twinkling,20cm,20cm - just below outfall,Sunny periods,Slow,Rather cloudy,circa 500,21.2,6.9112,500,0.82,2024-07-01
Potsford Brook Charfield Bridge,NO SAMPLE POSSIBLE,boss.situation.roots,Dry,Dry,Sunny periods,Dry,NA,NA,NA,NA,NA,NA,2024-07-01
Charfield farm culvert outfall into Brook,DID NOT SAMPLE,singers.tightrope.farmed,50cm,30cm,NA,NA,NA,NA,NA,NA,0,NA,2024-07-01
Easton Field (downstream),10.03 am,swift.nips.banana,75cm,30 cm,Sunny,Low and very slow flow,Clear,9,0.12,0.03912,0,NA,2024-07-01
Easton STW outfall,9.58 am,trooper.poodle.cleanser,Direct from outfall,Outfall,Sunny,NA,NA,circa 180,10.5,3.423,25,7.37,2024-07-01
Easton Bridge (upstream),10.23 am,flick.hunt.toast,100cm,30 cm,Sunny with cloud,Low,Clear,6,0.11,0.03586,0,NA,2024-07-01
Debenham 1.  Downstream from STW Vince’s chickens,9.50 am,trusters.rigs.pipes,40 -  45cm,20cm,NA,Nil visible,Stagnant/ Murky,79,0.56,0.18256,100,0.25,2024-07-01
Debenham 2                       STW Outlet Pipe,9.40 am,worm.oozed.zone,35 - 50cm,15cm,NA,Slight,Clear,120,0.52,0.16952,250,0.1,2024-07-01
Debenham 3.       Upstream from STW (Vince’s chickens (SP??),9.30 am,shunning.gace.signed,10-30cm,20cm,NA,Nil visible,Stagnant/ murky,22,0.51,0.16626,50,0.22,2024-07-01
Debenham 4         Kenton Road Bridge/ Thorpe Lane (SP*),9.00 am,swimsuits wheels ripples,10cm,10cm,NA,Still,Almost dry,1,1.56,0.50856,0,0.87,2024-07-01
Debenham 5           Ipswich Road/ Thorpe Lane (SP7),8.55 am,modem.slap.input,No water,NA,NA,NA,Clear,NA,NA,NA,NA,NA,2024-07-01
Debenham 6            Kenton Road Bridge (SP6),9.30 am,fuzzy.foreheads.custom,10cm,10cm,NA,Minimal flow,Almost dry,4,0.83,0.27058,10,0.22,2024-07-01
Debenham 7             Priory Road Bridge (SP5),9.25 am,compress.ever.shelters,10cm,10cm,NA,No flow,Almost dry,18,1.51,0.49226,0,0.6,2024-07-01
Debenham 8              Water Lane Ford (SP4),9.40 am,salary boomer viewer,5cm,5.cm,NA,Minimal flow,Almost dry,32,1.18,0.38468,0,0.29,2024-07-01
Debenham 9      Footbridge Chancery Lane Aspall Road (SP3),9.45 am,emulating fondest league,15cm,10cm,NA,Nil,No flow,11,1.42,0.46292,10,0.4,2024-07-01
Debenham 10.          Aspall Road/ Brook Lane Corner Bridge (SP2),10.05 am,riots headset enable,15cm,10cm,NA,Nil,Murky,22,1.87,0.60962,10,0.44,2024-07-01
Debenham 11          Corner Bridge Chancery / Brook Lane (SP1),9.55 am,radar snored drummers,10cm,10cm,NA,Very slight,NA,3,0.39,0.12714,10,0.13,2024-07-01
"Debenham 12                     Private access bridge atGull Fram, Aspall Road",8.05 am,NA,30cm,30cm,NA,No flow,Cloudy,30,1.47,0.47922,0,0.28,2024-07-01
"Debenham 13            Aspall Road after Bellwell Lane, concrete bridge",8.10 am,NA,30cm,30cm,NA,No flow,Cloudy,1,1.41,0.45966,0,0.09,2024-07-01
Debenham 14     Aspall Village; access via track/footpath,NOT Samples- no Access,NA,NA,NA,NA,NA,NA,NA,NA,NA,NA,NA,2024-07-01
"Debenham 15               Downstream of New Road bridge, where tributaries meet",7.50 am,NA,40cm,35cm,NA,No flow,Clear,5,0.71,0.23146,0,0.19,2024-07-01
Debenham 16.           Valley Cottage New Road,8.00 am,NA,10cm,10cm,NA,No flow,Clear,11,0.69,0.22494,0,0.15,2024-07-01
"The Green, Grundisburgh",3.05 pm,salon.charge.winner,NA,NA,Mild and cloudy,Moderate to Slow flow,Water clear,20,0.19,0.061959,10,NA,2024-08-05
"River Lark; Burgh St B1079, Grundisburgh",3.15 pm,verge.drop.fake,NA,NA,Mild and cloudy,Very slow flow,Slightly cloudy,98,0.17,0.055437,10,NA,2024-08-05
River Lark; Boot Street upstream 12m,NO SAMPLE,curly.annoys.mooring,NA,NA,NA,NA,NA,NA,NA,NA,NA,NA,2024-08-05
River Lark; Boot St outfall,NO SAMPLE,entire.imposes.publisher,NA,NA,NA,NA,NA,NA,NA,NA,NA,NA,2024-08-05
River Lark; Boot St 12m downstream,NO SAMPLE,rebounded.minivans.consented,NA,NA,Mild and cloudy,NA,NA,NA,NA,NA,NA,NA,2024-08-05
River Lark; Boot Street Bridge,6.30 pm,privately.musically.fewest,NA,NA,Mild and cloudy,Very slow flow,Clear,50,2.35,0.766335,25,NA,2024-08-05
Playford Bridge,3.45 pm,blog.maker.rots,NA,50 cm,Mild and cloudy,Slow Flow,Water clear,200,1.14,0.371754,50,NA,2024-08-05
Little Bealings Bridge,3.35 pm,taxpayers.caked.reverted,40 cm,40 cm,Partly Sunny,Slow Flow,Water clear,18,3,0.9783,25,NA,2024-08-05
Red Lion Bridge Martlesham,3.55 pm,rungs.repelled.engaging,30cm,10cm,Sunny with light wind,No perceptible flow,Fairly clear - could see river bottom,9,NA,NA,NA,NA,2024-08-05
Martlesham Sluice: River Fynn,4.05 pm,glitz.howler.restores,Could not see or guage,10cm,Sunny with light wind,No perceptible flow,Considerable grey sludge and some weed on water surface,11,NA,NA,NA,NA,2024-08-05
Bawdsey Quay,4th August; 2.15 pm,morphing.tonal.sponsors,100 cm,30 cm,Bright Cloud,Tide falling; HT plus 1.45,Clear; no signs of pollution or weed,0,NA,NA,NA,NA,2024-08-05
Bawdsey Alderton Evacuation Sluice,NO SAMPLE,wink.blip.responded,NA,NA,NA,NA,Access. Issues,NA,NA,NA,NA,NA,2024-08-05
Ramsholt Quay,4th August; 2.40pm,registers.activates.newsprint,150 cm,30 cm,Bright Cloud,Tide falling HT plus 2hrs,Cloudy water but no weed,12,0.28,0.091308,NA,NA,2024-08-05
Kirton Sluice Seaward,NO SAMPLE,wobbles.birdcage.soon,NA,NA,NA,NA,NA,NA,NA,NA,NA,NA,2024-08-05
Kirton Sluice Landward,NO SAMPLE,wobbles.birdcage.soon,NA,NA,NA,NA,NA,NA,NA,NA,NA,NA,2024-08-05
Waldringfield Beach,4th August; 3.20 pm,denim.excusing.storm,100 cm,30 cm,Cloudy,Tide falling; HT plus 3 hrs,Clear,0,NA,NA,NA,NA,2024-08-05
Waldringfield Jetty,4th August; 3.30 pm,speed.mistress.whisk,50 cm,25 cm,Cloudy,Tide falling; HT plus 3 hrs,Cloudy; weed and some scrum,5,0.24,0.078264,0,NA,2024-08-05
Kyson Point,4.28 pm,kicks.strictest.aly,Slipway sample  so very shallow,6cm,Sunny with light wind,Couldn't guage flow,Cloudy,7,0.21,0.068481,NA,NA,2024-08-05
Martlesham Creek STW outfall,4.15 pm,query.operated.unsecured,Could not see or guage,10cm,Sunny with light wind,Little perceptible flow,No surface matter,circa 1000,12,3.9132,25,NA,2024-08-05
Woodbridge Houseboats by shelter,3..33 pm,statement.built.chair,30 cm,20cm,Overcast,Tide falling,"Still water, muddy with weed",0,NA,NA,NA,NA,2024-08-05
Woodbridge Houseboats Charter Marine,NO SAMPLE,reservoir.tens.bicker,NA,NA,NA,NA,NA,NA,NA,NA,NA,NA,2024-08-05
Woodbridge Tide Mill,3.22 pm,unsecured.paving.refutes,50 cm,20 cm,Overcast,Tide falling; slow flow,Clear with sea weed,0,NA,NA,NA,NA,2024-08-05
Woodbridge Lime Kiln Quay,3.10 pm,sandpaper.producing.slimming,30 cm,20 cm,Overcast,Tide falling; still water/ no flow,Brown weed and foam pollution,0,NA,NA,NA,NA,2024-08-05
Melton Sluice South Farm,2.50 pm,dockers.effort.daring,50 cm,20 cm,Overcast,Tide falling slow flow,Plenty of sea weed,2,NA,NA,NA,NA,2024-08-05
Melton Sluice South  No 2,NO SAMPLE,gobbling.tricks. misty,NA,NA,NA,NA,NA,NA,NA,NA,NA,NA,2024-08-05
Wilford Bridge,2.30 pm,vital.briskly.different,200 cm,20 cm,Overcast,Tide falling; HT plus 2 hrs; fast flow,Clear but weedy,3,NA,NA,NA,NA,2024-08-05
Foskett Footbridge Bromeswell,8.30 am,dentures.kingdom.kiosk,10 cm,10 cm,Sunny 18C,"Steady, moderate",Clear; no weed,2,NA,NA,NA,NA,2024-08-05
Ufford Upper Pool,8.20 am,blending.anguished.asterisk,75 cm,30 cm,Sunny 18C,Slow to very slow,Clear; some green duckweed in pool,1,NA,NA,0,NA,2024-08-05
Ufford Lower Pool,8.20 am,slid.bookshop.widgets,20 cm,15 cm,Sunny 18C,Fast under bridge,Clear over pebbles,2,NA,NA,NA,NA,2024-08-05
Byng Brook Bridge,NO SAMPLE,dugouts.wooden.recruited,NA,NA,NA,NA,NA,NA,NA,NA,NA,NA,2024-08-05
Rendlesham Weir,9.15 am,diggers.grumbles.birthing,35cm,10cm,Sunny,Slow,95% algae; 5% weed,12,1.62,0.528282,NA,NA,2024-08-05
Rendlesham STW outfall,10.03 pm,spill.facelift. feasting,From outfall,4 cm; surface,Sunny,NA,Relatively clear water,56,28.4,9.26124,NA,NA,2024-08-05
Rendlesham Ford,10.11 am,systems.hockey.traffic,14cm,10 cm,Sunny,Slow,85% algae,1,0.15,0.048915,NA,NA,2024-08-05
Wickham Market White Bridges,11:45 am,making.whirlwind.thinker,35cm,5cm,Sunny,slow,"Very clear, stoney with algae on the stones, a few rushes nearby",2,NA,NA,NA,NA,2024-08-05
Wickham Market A12 bridge (downstream),11:25 am,decking.regard.reputable,95cm,15cm,Sunny,very slow,"Very clear several space weeds nearby: rushes, chickweed and others",55,0.6,0.19566,0,NA,2024-08-05
Wickham Market STW outfall,12:20 am,looms.loudly.behave,From outfall,NA,Sunny,slow,STW overgrown with rushes apart from 1.5m by outflow a lot blanket weed and chickweed,Circa 400,2.2,0.71742,20,NA,2024-08-05
Wickham Market Spring Lane (upstream),11:00,daylight.configure.cotton,110cm,20cm,sunny,very slow,Very clear a few weeds and water lillies nearby,9,0.2,0.06522,0,NA,2024-08-05
Glavering Bridge S2,10:47,tweed.combos.pickles,25cm,5cm,sunny,slow to moderate,Very clear. a few underwater weeds,3,NA,NA,NA,NA,2024-08-05
Bridge at Potsford Farm,10.45 am,plan.video.ships,30 cm,30 cm,Sunny 22C,Very slow flow,Clear; signs of grey sewage scum and grey slime on rocks,16,0.06,0.019566,NA,NA,2024-08-05
Opposite Prospect Farm,NO SAMPLE,decay.shutters.venue,NA,NA,NA,NA,NA,NA,NA,NA,NA,NA,2024-08-05
Charsfield Downstream,10.25 am,native.consoled.delight,5 cm,5 cm,Sunny 22C,Fast,Clear over black pebbles,7,8.6,2.80446,50,NA,2024-08-05
Potsford Brook Charfield STW outfall,10.20,listings.cutlets.twinkling,30 cm,30 cm,Sunny 22C,From outfall,Clear; lots of duckweed below; smelly,180,5.7,1.85877,100,NA,2024-08-05
Potsford Brook Charfield Bridge,NO SAMPLE,boss.situation.roots,Dry,NA,NA,NA,NA,NA,NA,NA,NA,NA,2024-08-05
Charfield farm culvert outfall into Brook,NO SAMPLE,singers.tightrope.farmed,Dry,NA,NA,NA,NA,NA,NA,NA,NA,NA,2024-08-05
Easton Field (downstream),10:35 am,swift.nips.banana,40cm,15cm,Sunny,very slow,"very clear, weeds from bank to bank upstream and downstream of the bridge, including rushes downstream",47,0.45,0.146745,0,NA,2024-08-05
Easton STW outfall,10.17 am,trooper.poodle.cleanser,From outfall,NA,Sunny,Fast,Clear,Circa 1000,10.6,3.45666,NA,NA,2024-08-05
Easton Bridge (upstream),10.23 am,flick.hunt.toast,90cm,15cm,Sunny,very slow,"very clear no weeds, saw a minnow?",5,0.28,0.091308,10,NA,2024-08-05
Debenham 1.  Downstream from STW Vince’s chickens,9.15 am,trusters.rigs.pipes,40 cm,30 cm,Sunny and dry,No flow,NA,135,0.54,0.176094,100,0.2,2024-08-05
Debenham 2                       STW Outlet Pipe,9.20 am,worm.oozed.zone,40 cm,From outfall pipe,Sunny and dry,From outfall,NA,171,0.47,0.153267,100,0.1,2024-08-05
Debenham 3.       Upstream from STW (Vince’s chickens,9.30 am,shunning.gace.signed,35 cm,25 cm,Sunny and dry,No flow,NA,110,0.51,0.166311,50,0.12,2024-08-05
Debenham 4         Kenton Road Bridge/ Thorpe Lane,9.10 am,swimsuits wheels ripples,Dry,NA,NA,NA,NA,NA,NA,NA,NA,NA,2024-08-05
Debenham 5           Ipswich Road/ Thorpe Lane,9.15 am,modem.slap.input,Dry,NA,Sunny and dry,NA,NA,NA,NA,NA,NA,NA,2024-08-05
Debenham 6            Kenton Road Bridge,9.16 am,fuzzy.foreheads.custom,Dry,NA,Sunny and dry,NA,NA,NA,NA,NA,NA,NA,2024-08-05
Debenham 7             Priory Road Bridge,9.30 am,compress.ever.shelters,30 cm,3cm,Sunny and dry,No flow,Puddle of water only,52,0.99,0.322839,0,2.76,2024-08-05
Debenham 8              Water Lane Ford,8.00 am,salary boomer viewer,Dry,NA,NA,NA,NA,NA,NA,NA,NA,NA,2024-08-05
Debenham 9      Footbridge Chancery Lane Aspall Road,8.05 am,emulating fondest league,20 cm,10 cm,Sunny and dry,No flow,Standing water; discoloured and overgrown,13,1.94,0.632634,0,0.57,2024-08-05
Debenham 10.          Aspall Road/ Brook Lane Corner Bridge,8.25 am,riots headset enable,8 cm,8 cm,Sunny and dry,Slight flow,Clear; slight flow; fish seen,109,1.94,0.632634,0,0.54,2024-08-05
Debenham 11          Corner Bridge Chancery / Brook Lane,8.15 am,radar snored drummers,4 cm,4 cm,Sunny and dry,Very slight flow,Overgrown with bullrushes and borage,40,0.93,0.303273,10,0.61,2024-08-05
"Debenham 12                     Private access bridge at Gull Farm, Aspall Road",7.40 am,costs.trust.precluded,30 cm,30 cm,Sunny and dry,No flow,Cloudy water,5,1.8,0.58698,0,0.32,2024-08-05
"Debenham 13            Aspall Road after Bellwell Lane, concrete bridge",7.45 am,trickled.magnum.slurping,30 com,30 cm,Sunny and dry,No flow,Clear,12,1.43,0.466323,0,0.17,2024-08-05
Debenham 14     Aspall Village; access via track/footpath,NA,NOT TAKEN AS NO PERMISSION,NA,NA,NA,NA,NA,NA,NA,NA,NA,NA,2024-08-05
"Debenham 15               Downstream of New Road bridge, where tributaries meet",8.00 am,invest.minivans.unstated,40 cm,30 cm,Sunny and dry,No flow,Sample taken from beside culvert under bridge,29,0.74,0.241314,0,0.22,2024-08-05
Debenham 16.           Valley Cottage New Road,8.06 am,including.shock.cheek,10 cm,10 cm,Sunny and dry,No flow,Owner says all eater from factory overflow,39,0.86,0.280446,0,0.18,2024-08-05
Lake  - sample taken on bridge facing village,9.45 am,NA,50 cm,30 cm,Sunny and dry,No flow,Static with lily pads and cloudy green water,1,0,0,0,0.19,2024-08-05
